feature,importance
forest_context,0.23740217
vegetation_context,0.19683395
bareland_probability,0.1058127
forest_probability,0.087699264
mining_context,0.07591161
cropland_probability,0.071952455
bare_land_context,0.063495755
agricultural_context,0.031386472
ndvi_mean,0.028589146
active_day_ratio,0.014034677
persistence_score,0.011781251
active_days,0.010445933
event_frp_zscore,0.010206003
industrial_context,0.005787613
seasonal_peak_score,0.004703385
distance_to_mine,0.0040013455
distance_to_facility,0.0039228536
builtup_context,0.0034720704
event_frp_vs_source_median,0.0034568857
event_frp_vs_source_mean,0.0033964792
builtup_probability,0.0032517107
flare_signature_score,0.0025198287
month,0.002409486
stability_score,0.002208163
season,0.0021851116
frp_cv,0.0021449672
spread_rate_km_day,0.0020130961
anomaly_score,0.0015117043
distance_to_refinery,0.0011362985
observation_count,0.0006846818
event_intensity_deviation,0.0006750659
distance_to_flare,0.0005723919
distance_to_quarry,0.00051568606
event_frp_percentile,0.0004677287
distance_to_powerplant,0.00043959694
source_month_activity,0.0002837949
max_frp,0.00026469698
frp_stddev,0.00026383987
seasonal_activity_score,0.00024651215
span_days,0.00023934689
median_frp,0.00020430775
frp,0.00020021209
mean_frp,0.00015445692
min_frp,0.0001334096
firms_type,0.000126405
confidence_score,0.000115036295
week_of_year,8.7180175e-05
day_night_numeric,8.681628e-05
day_of_year,8.455267e-05
nearest_facility_count_1km,8.3623265e-05
bright_ti5,7.545119e-05
centroid_shift_km,6.776236e-05
swir_intensity,6.677354e-05
bright_ti4,6.6492445e-05
scan,6.224822e-05
track,5.9543097e-05
spatial_extent_km,0.0
convex_hull_area,0.0
event_density,0.0
inside_facility_boundary,0.0
industrial_facility_density,0.0
nearest_facility_count_500m,0.0
event_frp_change,0.0
event_frp_ratio_previous,0.0
neighbor_count_5km,0.0
cluster_size,0.0
neighbor_count_1km,0.0
cluster_growth_rate,0.0
front_direction,0.0
water_probability,0.0
grassland_probability,0.0
shrubland_probability,0.0
ndvi_std,0.0
ndmi_mean,0.0
ndmi_std,0.0
night_light_mean,0.0
industrial_nightlight_score,0.0
temperature,0.0
relative_humidity,0.0
wind_speed,0.0
weather_fire_risk,0.0
population_1km,0.0
distance_to_settlement,0.0
