latitude,longitude,bright_ti4,scan,track,acq_date,acq_time,satellite,instrument,confidence,version,bright_ti5,frp,daynight,type,source_file,acquired_at,confidence_score,event_id
22.90063,79.30754,340.16,0.38,0.36,2024-01-17,753,N20,VIIRS,n,2,299.06,5.23,D,0.0,firms_raw.csv,2024-01-17 07:53:00,0.66,N20_22.90063_79.30754_202401170753
22.92262,79.20428,343.29,0.38,0.36,2024-01-17,753,N20,VIIRS,n,2,302.68,17.52,D,0.0,firms_raw.csv,2024-01-17 07:53:00,0.66,N20_22.92262_79.20428_202401170753
23.06131,79.0004,339.08,0.38,0.36,2024-01-17,753,N20,VIIRS,n,2,298.57,4.27,D,0.0,firms_raw.csv,2024-01-17 07:53:00,0.66,N20_23.06131_79.0004_202401170753
23.62707,79.74075,329.19,0.39,0.36,2024-01-17,754,N20,VIIRS,n,2,299.17,4.3,D,0.0,firms_raw.csv,2024-01-17 07:54:00,0.66,N20_23.62707_79.74075_202401170754
23.62774,79.74147,354.47,0.51,0.49,2024-01-17,817,N21,VIIRS,n,2.0NRT,300.18,7.51,D,,firms_raw.csv,2024-01-17 08:17:00,0.66,N21_23.62774_79.74147_202401170817
23.62723,79.7366,328.02,0.51,0.49,2024-01-17,817,N21,VIIRS,n,2.0NRT,298.25,7.51,D,,firms_raw.csv,2024-01-17 08:17:00,0.66,N21_23.62723_79.7366_202401170817
23.02711,79.25169,329.17,0.53,0.42,2024-01-18,735,N20,VIIRS,n,2,292.98,4.63,D,0.0,firms_raw.csv,2024-01-18 07:35:00,0.66,N20_23.02711_79.25169_202401180735
23.02703,79.27286,341.47,0.53,0.42,2024-01-18,735,N20,VIIRS,n,2,294.3,30.97,D,0.0,firms_raw.csv,2024-01-18 07:35:00,0.66,N20_23.02703_79.27286_202401180735
23.02332,79.25251,332.13,0.53,0.42,2024-01-18,735,N20,VIIRS,n,2,293.44,4.63,D,0.0,firms_raw.csv,2024-01-18 07:35:00,0.66,N20_23.02332_79.25251_202401180735
23.02362,79.24522,330.73,0.34,0.56,2024-01-19,716,N20,VIIRS,n,2,292.23,1.69,D,0.0,firms_raw.csv,2024-01-19 07:16:00,0.66,N20_23.02362_79.24522_202401190716
23.04714,79.14481,340.79,0.35,0.56,2024-01-19,716,N20,VIIRS,n,2,292.59,4.58,D,0.0,firms_raw.csv,2024-01-19 07:16:00,0.66,N20_23.04714_79.14481_202401190716
23.07714,79.258,367.0,0.34,0.56,2024-01-19,716,N20,VIIRS,h,2,291.91,4.64,D,0.0,firms_raw.csv,2024-01-19 07:16:00,1.0,N20_23.07714_79.258_202401190716
23.16351,79.55494,330.57,0.43,0.38,2024-01-19,739,N21,VIIRS,n,2.0NRT,295.79,7.71,D,,firms_raw.csv,2024-01-19 07:39:00,0.66,N21_23.16351_79.55494_202401190739
23.01086,79.26017,330.57,0.44,0.38,2024-01-19,739,N21,VIIRS,n,2.0NRT,291.59,3.71,D,,firms_raw.csv,2024-01-19 07:39:00,0.66,N21_23.01086_79.26017_202401190739
23.16006,79.55563,327.85,0.43,0.38,2024-01-19,739,N21,VIIRS,n,2.0NRT,295.61,7.71,D,,firms_raw.csv,2024-01-19 07:39:00,0.66,N21_23.16006_79.55563_202401190739
22.93232,78.98269,339.33,0.44,0.46,2024-01-21,819,N20,VIIRS,n,2,292.18,3.55,D,0.0,firms_raw.csv,2024-01-21 08:19:00,0.66,N20_22.93232_78.98269_202401210819
22.97983,79.90854,340.02,0.66,0.73,2024-01-21,841,N21,VIIRS,n,2.0NRT,287.82,7.83,D,,firms_raw.csv,2024-01-21 08:41:00,0.66,N21_22.97983_79.90854_202401210841
22.88963,79.33915,344.44,0.41,0.37,2024-01-22,800,N20,VIIRS,n,2,300.27,3.84,D,0.0,firms_raw.csv,2024-01-22 08:00:00,0.66,N20_22.88963_79.33915_202401220800
22.89447,79.00732,331.9,0.4,0.37,2024-01-22,800,N20,VIIRS,n,2,301.14,1.91,D,0.0,firms_raw.csv,2024-01-22 08:00:00,0.66,N20_22.89447_79.00732_202401220800
23.73479,79.31315,328.64,0.41,0.37,2024-01-22,800,N20,VIIRS,n,2,301.13,2.25,D,0.0,firms_raw.csv,2024-01-22 08:00:00,0.66,N20_23.73479_79.31315_202401220800
22.98724,79.255,330.73,0.45,0.39,2024-01-23,741,N20,VIIRS,n,2,295.8,2.61,D,0.0,firms_raw.csv,2024-01-23 07:41:00,0.66,N20_22.98724_79.255_202401230741
23.10366,79.08497,335.43,0.45,0.39,2024-01-23,741,N20,VIIRS,n,2,296.11,4.28,D,0.0,firms_raw.csv,2024-01-23 07:41:00,0.66,N20_23.10366_79.08497_202401230741
23.21608,78.96062,327.44,0.46,0.39,2024-01-23,741,N20,VIIRS,n,2,299.0,2.29,D,0.0,firms_raw.csv,2024-01-23 07:41:00,0.66,N20_23.21608_78.96062_202401230741
23.24061,79.77785,338.28,0.42,0.38,2024-01-23,741,N20,VIIRS,n,2,299.29,4.99,D,0.0,firms_raw.csv,2024-01-23 07:41:00,0.66,N20_23.24061_79.77785_202401230741
23.7223,79.85856,332.55,0.42,0.37,2024-01-23,741,N20,VIIRS,n,2,298.25,6.99,D,0.0,firms_raw.csv,2024-01-23 07:41:00,0.66,N20_23.7223_79.85856_202401230741
22.9785,79.31001,331.43,0.44,0.39,2024-01-23,741,N20,VIIRS,n,2,295.0,2.09,D,0.0,firms_raw.csv,2024-01-23 07:41:00,0.66,N20_22.9785_79.31001_202401230741
23.24006,79.77689,328.31,0.49,0.41,2024-01-23,805,N21,VIIRS,n,2.0NRT,298.21,3.73,D,,firms_raw.csv,2024-01-23 08:05:00,0.66,N21_23.24006_79.77689_202401230805
23.21415,78.96736,328.13,0.45,0.39,2024-01-23,805,N21,VIIRS,n,2.0NRT,300.4,3.42,D,,firms_raw.csv,2024-01-23 08:05:00,0.66,N21_23.21415_78.96736_202401230805
23.16656,79.04176,344.57,0.46,0.39,2024-01-23,805,N21,VIIRS,n,2.0NRT,299.29,8.32,D,,firms_raw.csv,2024-01-23 08:05:00,0.66,N21_23.16656_79.04176_202401230805
23.03823,79.11018,333.02,0.46,0.39,2024-01-23,805,N21,VIIRS,n,2.0NRT,299.08,12.11,D,,firms_raw.csv,2024-01-23 08:05:00,0.66,N21_23.03823_79.11018_202401230805
22.88752,79.33084,334.2,0.47,0.39,2024-01-23,805,N21,VIIRS,n,2.0NRT,300.57,12.88,D,,firms_raw.csv,2024-01-23 08:05:00,0.66,N21_22.88752_79.33084_202401230805
22.91478,79.21809,329.45,0.46,0.39,2024-01-23,805,N21,VIIRS,n,2.0NRT,296.99,3.34,D,,firms_raw.csv,2024-01-23 08:05:00,0.66,N21_22.91478_79.21809_202401230805
23.72126,79.86224,328.33,0.51,0.41,2024-01-23,807,N21,VIIRS,l,2.0NRT,299.87,6.17,D,,firms_raw.csv,2024-01-23 08:07:00,0.33,N21_23.72126_79.86224_202401230807
22.93985,79.42216,334.28,0.53,0.5,2024-01-24,722,N20,VIIRS,n,2,296.69,6.12,D,0.0,firms_raw.csv,2024-01-24 07:22:00,0.66,N20_22.93985_79.42216_202401240722
23.12569,79.61492,326.85,0.51,0.5,2024-01-24,722,N20,VIIRS,n,2,300.15,1.95,D,0.0,firms_raw.csv,2024-01-24 07:22:00,0.66,N20_23.12569_79.61492_202401240722
23.15707,79.15971,339.27,0.55,0.51,2024-01-24,722,N20,VIIRS,n,2,299.04,4.81,D,0.0,firms_raw.csv,2024-01-24 07:22:00,0.66,N20_23.15707_79.15971_202401240722
23.16014,79.15967,336.04,0.4,0.37,2024-01-24,745,N21,VIIRS,n,2.0NRT,299.66,5.25,D,,firms_raw.csv,2024-01-24 07:45:00,0.66,N21_23.16014_79.15967_202401240745
23.74874,79.00517,337.74,0.4,0.37,2024-01-24,745,N21,VIIRS,n,2.0NRT,304.25,2.47,D,,firms_raw.csv,2024-01-24 07:45:00,0.66,N21_23.74874_79.00517_202401240745
23.12678,79.612,346.26,0.39,0.36,2024-01-24,745,N21,VIIRS,n,2.0NRT,304.18,6.2,D,,firms_raw.csv,2024-01-24 07:45:00,0.66,N21_23.12678_79.612_202401240745
22.98731,79.35675,332.03,0.39,0.37,2024-01-24,745,N21,VIIRS,n,2.0NRT,298.69,3.69,D,,firms_raw.csv,2024-01-24 07:45:00,0.66,N21_22.98731_79.35675_202401240745
22.92955,79.0199,341.22,0.4,0.37,2024-01-24,745,N21,VIIRS,n,2.0NRT,302.44,4.93,D,,firms_raw.csv,2024-01-24 07:45:00,0.66,N21_22.92955_79.0199_202401240745
23.75208,79.00455,347.51,0.4,0.37,2024-01-24,745,N21,VIIRS,n,2.0NRT,308.56,8.37,D,,firms_raw.csv,2024-01-24 07:45:00,0.66,N21_23.75208_79.00455_202401240745
22.93569,79.29908,334.2,0.54,0.68,2024-01-25,703,N20,VIIRS,n,2,297.16,4.6,D,0.0,firms_raw.csv,2024-01-25 07:03:00,0.66,N20_22.93569_79.29908_202401250703
22.93673,79.30145,350.47,0.54,0.68,2024-01-25,703,N20,VIIRS,n,2,296.92,6.86,D,0.0,firms_raw.csv,2024-01-25 07:03:00,0.66,N20_22.93673_79.30145_202401250703
23.06964,79.5238,328.98,0.41,0.61,2024-01-26,707,N21,VIIRS,n,2.0NRT,297.86,2.03,D,,firms_raw.csv,2024-01-26 07:07:00,0.66,N21_23.06964_79.5238_202401260707
23.01464,79.25401,325.75,0.43,0.62,2024-01-26,707,N21,VIIRS,n,2.0NRT,295.24,2.57,D,,firms_raw.csv,2024-01-26 07:07:00,0.66,N21_23.01464_79.25401_202401260707
22.92948,79.13795,367.0,0.43,0.62,2024-01-26,707,N21,VIIRS,h,2.0NRT,297.91,7.52,D,,firms_raw.csv,2024-01-26 07:07:00,1.0,N21_22.92948_79.13795_202401260707
22.9994,79.30867,333.53,0.58,0.52,2024-01-26,825,N20,VIIRS,n,2,296.75,3.08,D,0.0,firms_raw.csv,2024-01-26 08:25:00,0.66,N20_22.9994_79.30867_202401260825
23.01165,79.58167,331.09,0.6,0.53,2024-01-26,825,N20,VIIRS,n,2,296.01,8.12,D,0.0,firms_raw.csv,2024-01-26 08:25:00,0.66,N20_23.01165_79.58167_202401260825
23.0141,79.58283,339.19,0.6,0.53,2024-01-26,825,N20,VIIRS,n,2,296.87,4.73,D,0.0,firms_raw.csv,2024-01-26 08:25:00,0.66,N20_23.0141_79.58283_202401260825
23.15199,79.62387,339.19,0.61,0.53,2024-01-26,825,N20,VIIRS,n,2,299.75,4.18,D,0.0,firms_raw.csv,2024-01-26 08:25:00,0.66,N20_23.15199_79.62387_202401260825
23.04772,79.29831,356.49,0.76,0.77,2024-01-26,849,N21,VIIRS,l,2.0NRT,286.8,26.68,D,,firms_raw.csv,2024-01-26 08:49:00,0.33,N21_23.04772_79.29831_202401260849
23.04818,79.30566,342.88,0.76,0.77,2024-01-26,849,N21,VIIRS,n,2.0NRT,285.33,25.84,D,,firms_raw.csv,2024-01-26 08:49:00,0.66,N21_23.04818_79.30566_202401260849
22.9959,79.2085,342.94,0.4,0.37,2024-01-28,747,N20,VIIRS,n,2,293.56,7.42,D,0.0,firms_raw.csv,2024-01-28 07:47:00,0.66,N20_22.9959_79.2085_202401280747
22.89346,79.32857,339.71,0.43,0.46,2024-01-29,728,N20,VIIRS,n,2,299.8,7.97,D,0.0,firms_raw.csv,2024-01-29 07:28:00,0.66,N20_22.89346_79.32857_202401290728
22.88851,79.32538,337.8,0.43,0.46,2024-01-29,728,N20,VIIRS,n,2,300.55,6.65,D,0.0,firms_raw.csv,2024-01-29 07:28:00,0.66,N20_22.88851_79.32538_202401290728
22.89265,79.32445,339.21,0.43,0.46,2024-01-29,728,N20,VIIRS,n,2,299.39,8.17,D,0.0,firms_raw.csv,2024-01-29 07:28:00,0.66,N20_22.89265_79.32445_202401290728
22.98207,79.38734,326.08,0.38,0.36,2024-01-29,752,N21,VIIRS,n,2.0NRT,290.51,1.89,D,,firms_raw.csv,2024-01-29 07:52:00,0.66,N21_22.98207_79.38734_202401290752
23.06359,79.15134,346.87,0.43,0.62,2024-01-30,710,N20,VIIRS,n,2,286.35,4.64,D,0.0,firms_raw.csv,2024-01-30 07:10:00,0.66,N20_23.06359_79.15134_202401300710
22.98424,78.96552,335.23,0.55,0.42,2024-01-30,735,N21,VIIRS,n,2.0NRT,294.26,5.62,D,,firms_raw.csv,2024-01-30 07:35:00,0.66,N21_22.98424_78.96552_202401300735
23.03562,79.41069,330.75,0.52,0.41,2024-01-30,735,N21,VIIRS,n,2.0NRT,286.7,3.66,D,,firms_raw.csv,2024-01-30 07:35:00,0.66,N21_23.03562_79.41069_202401300735
23.59208,78.98878,325.2,0.53,0.42,2024-01-30,735,N21,VIIRS,n,2.0NRT,291.53,3.29,D,,firms_raw.csv,2024-01-30 07:35:00,0.66,N21_23.59208_78.98878_202401300735
23.74803,79.00885,325.9,0.53,0.42,2024-01-30,735,N21,VIIRS,l,2.0NRT,297.46,1.17,D,,firms_raw.csv,2024-01-30 07:35:00,0.33,N21_23.74803_79.00885_202401300735
23.74903,79.0118,331.68,0.53,0.42,2024-01-30,735,N21,VIIRS,n,2.0NRT,297.59,2.96,D,,firms_raw.csv,2024-01-30 07:35:00,0.66,N21_23.74903_79.0118_202401300735
23.68299,79.46751,367.0,0.32,0.54,2024-01-31,713,N21,VIIRS,h,2.0NRT,305.86,31.3,D,,firms_raw.csv,2024-01-31 07:13:00,1.0,N21_23.68299_79.46751_202401310713
23.6781,79.46873,367.0,0.32,0.54,2024-01-31,713,N21,VIIRS,h,2.0NRT,303.52,39.85,D,,firms_raw.csv,2024-01-31 07:13:00,1.0,N21_23.6781_79.46873_202401310713
23.67898,79.46545,342.85,0.32,0.54,2024-01-31,713,N21,VIIRS,n,2.0NRT,295.13,33.57,D,,firms_raw.csv,2024-01-31 07:13:00,0.66,N21_23.67898_79.46545_202401310713
23.67964,79.46847,367.0,0.32,0.54,2024-01-31,713,N21,VIIRS,h,2.0NRT,318.25,62.04,D,,firms_raw.csv,2024-01-31 07:13:00,1.0,N21_23.67964_79.46847_202401310713
22.96148,78.95713,297.63,0.38,0.59,2024-01-31,1942,N21,VIIRS,n,2.0NRT,284.17,0.49,N,,firms_raw.csv,2024-01-31 19:42:00,0.66,N21_22.96148_78.95713_202401311942
