event_id,latitude,longitude,acquired_at,frp,bright_ti4,bright_ti5,confidence_score,facility_name,facility_type,criticality,distance_to_facility,industrial_context,observation_count_30d,active_days_30d,mean_frp_30d,stddev_frp_30d,persistence_score,anomaly_score,thermos_label,label_score,label_reasons,human_label,review_status,reviewer,review_notes,reviewed_at
N20_23.21608_78.96062_202401230741,23.21608,78.96062,2024-01-23 07:41:00,2.29,327.44,299.0,0.66,,,,0.0,0.6,,,,,0.5,0.0,INDUSTRIAL_FLARE,0.66,['Very close to an industrial facility'],,PENDING,,,
N20_22.90063_79.30754_202401170753,22.90063,79.30754,2024-01-17 07:53:00,5.23,340.16,299.06,0.66,,,,0.0,0.6,,,,,0.5,0.0,INDUSTRIAL_FLARE,0.66,['Very close to an industrial facility'],,PENDING,,,
N20_22.9994_79.30867_202401260825,22.9994,79.30867,2024-01-26 08:25:00,3.08,333.53,296.75,0.66,,,,0.0,0.6,,,,,0.5,0.0,INDUSTRIAL_FLARE,0.66,['Very close to an industrial facility'],,PENDING,,,
N21_23.62774_79.74147_202401170817,23.62774,79.74147,2024-01-17 08:17:00,7.51,354.47,300.18,0.66,,,,0.0,0.6,,,,,0.5,0.0,INDUSTRIAL_FLARE,0.66,['Very close to an industrial facility'],,PENDING,,,
N20_22.9959_79.2085_202401280747,22.9959,79.2085,2024-01-28 07:47:00,7.42,342.94,293.56,0.66,,,,0.0,0.6,,,,,0.5,0.0,INDUSTRIAL_FLARE,0.66,['Very close to an industrial facility'],,PENDING,,,
N20_22.89447_79.00732_202401220800,22.89447,79.00732,2024-01-22 08:00:00,1.91,331.9,301.14,0.66,,,,0.0,0.6,,,,,0.5,0.0,INDUSTRIAL_FLARE,0.66,['Very close to an industrial facility'],,PENDING,,,
N20_23.04714_79.14481_202401190716,23.04714,79.14481,2024-01-19 07:16:00,4.58,340.79,292.59,0.66,,,,0.0,0.6,,,,,0.5,0.0,INDUSTRIAL_FLARE,0.66,['Very close to an industrial facility'],,PENDING,,,
N20_22.93985_79.42216_202401240722,22.93985,79.42216,2024-01-24 07:22:00,6.12,334.28,296.69,0.66,,,,0.0,0.6,,,,,0.5,0.0,INDUSTRIAL_FLARE,0.66,['Very close to an industrial facility'],,PENDING,,,
N21_23.06964_79.5238_202401260707,23.06964,79.5238,2024-01-26 07:07:00,2.03,328.98,297.86,0.66,,,,0.0,0.6,,,,,0.5,0.0,INDUSTRIAL_FLARE,0.66,['Very close to an industrial facility'],,PENDING,,,
N21_23.16351_79.55494_202401190739,23.16351,79.55494,2024-01-19 07:39:00,7.71,330.57,295.79,0.66,,,,0.0,0.6,,,,,0.5,0.0,INDUSTRIAL_FLARE,0.66,['Very close to an industrial facility'],,PENDING,,,
N21_22.91478_79.21809_202401230805,22.91478,79.21809,2024-01-23 08:05:00,3.34,329.45,296.99,0.66,,,,0.0,0.6,,,,,0.5,0.0,INDUSTRIAL_FLARE,0.66,['Very close to an industrial facility'],,PENDING,,,
N20_23.02362_79.24522_202401190716,23.02362,79.24522,2024-01-19 07:16:00,1.69,330.73,292.23,0.66,,,,0.0,0.6,,,,,0.5,0.0,INDUSTRIAL_FLARE,0.66,['Very close to an industrial facility'],,PENDING,,,
N21_22.98424_78.96552_202401300735,22.98424,78.96552,2024-01-30 07:35:00,5.62,335.23,294.26,0.66,,,,0.0,0.6,,,,,0.5,0.0,INDUSTRIAL_FLARE,0.66,['Very close to an industrial facility'],,PENDING,,,
N21_23.62723_79.7366_202401170817,23.62723,79.7366,2024-01-17 08:17:00,7.51,328.02,298.25,0.66,,,,0.0,0.6,,,,,0.5,0.0,INDUSTRIAL_FLARE,0.66,['Very close to an industrial facility'],,PENDING,,,
N21_22.96148_78.95713_202401311942,22.96148,78.95713,2024-01-31 19:42:00,0.49,297.63,284.17,0.66,,,,0.0,0.6,,,,,0.5,0.0,INDUSTRIAL_FLARE,0.66,['Very close to an industrial facility'],,PENDING,,,
N21_22.88752_79.33084_202401230805,22.88752,79.33084,2024-01-23 08:05:00,12.88,334.2,300.57,0.66,,,,0.0,0.6,,,,,0.5,0.0,INDUSTRIAL_FLARE,0.66,['Very close to an industrial facility'],,PENDING,,,
N21_22.98207_79.38734_202401290752,22.98207,79.38734,2024-01-29 07:52:00,1.89,326.08,290.51,0.66,,,,0.0,0.6,,,,,0.5,0.0,INDUSTRIAL_FLARE,0.66,['Very close to an industrial facility'],,PENDING,,,
N20_23.15707_79.15971_202401240722,23.15707,79.15971,2024-01-24 07:22:00,4.81,339.27,299.04,0.66,,,,0.0,0.6,,,,,0.5,0.0,INDUSTRIAL_FLARE,0.66,['Very close to an industrial facility'],,PENDING,,,
N20_22.89265_79.32445_202401290728,22.89265,79.32445,2024-01-29 07:28:00,8.17,339.21,299.39,0.66,,,,0.0,0.6,,,,,0.5,0.0,INDUSTRIAL_FLARE,0.66,['Very close to an industrial facility'],,PENDING,,,
N21_22.92948_79.13795_202401260707,22.92948,79.13795,2024-01-26 07:07:00,7.52,367.0,297.91,1.0,,,,0.0,0.6,,,,,0.5,0.0,INDUSTRIAL_FLARE,0.66,['Very close to an industrial facility'],,PENDING,,,
N21_22.97983_79.90854_202401210841,22.97983,79.90854,2024-01-21 08:41:00,7.83,340.02,287.82,0.66,,,,0.0,0.6,,,,,0.5,0.0,INDUSTRIAL_FLARE,0.66,['Very close to an industrial facility'],,PENDING,,,
N20_23.12569_79.61492_202401240722,23.12569,79.61492,2024-01-24 07:22:00,1.95,326.85,300.15,0.66,,,,0.0,0.6,,,,,0.5,0.0,INDUSTRIAL_FLARE,0.66,['Very close to an industrial facility'],,PENDING,,,
N20_22.93569_79.29908_202401250703,22.93569,79.29908,2024-01-25 07:03:00,4.6,334.2,297.16,0.66,,,,0.0,0.6,,,,,0.5,0.0,INDUSTRIAL_FLARE,0.66,['Very close to an industrial facility'],,PENDING,,,
N21_23.16656_79.04176_202401230805,23.16656,79.04176,2024-01-23 08:05:00,8.32,344.57,299.29,0.66,,,,0.0,0.6,,,,,0.5,0.0,INDUSTRIAL_FLARE,0.66,['Very close to an industrial facility'],,PENDING,,,
N20_23.02703_79.27286_202401180735,23.02703,79.27286,2024-01-18 07:35:00,30.97,341.47,294.3,0.66,,,,0.0,0.6,,,,,0.5,0.0,INDUSTRIAL_FLARE,0.66,['Very close to an industrial facility'],,PENDING,,,
N21_23.59208_78.98878_202401300735,23.59208,78.98878,2024-01-30 07:35:00,3.29,325.2,291.53,0.66,,,,0.0,0.6,,,,,0.5,0.0,INDUSTRIAL_FLARE,0.66,['Very close to an industrial facility'],,PENDING,,,
N21_22.92955_79.0199_202401240745,22.92955,79.0199,2024-01-24 07:45:00,4.93,341.22,302.44,0.66,,,,0.0,0.6,,,,,0.5,0.0,INDUSTRIAL_FLARE,0.66,['Very close to an industrial facility'],,PENDING,,,
N20_23.15199_79.62387_202401260825,23.15199,79.62387,2024-01-26 08:25:00,4.18,339.19,299.75,0.66,,,,0.0,0.6,,,,,0.5,0.0,INDUSTRIAL_FLARE,0.66,['Very close to an industrial facility'],,PENDING,,,
N21_23.01464_79.25401_202401260707,23.01464,79.25401,2024-01-26 07:07:00,2.57,325.75,295.24,0.66,,,,0.0,0.6,,,,,0.5,0.0,INDUSTRIAL_FLARE,0.66,['Very close to an industrial facility'],,PENDING,,,
N20_23.73479_79.31315_202401220800,23.73479,79.31315,2024-01-22 08:00:00,2.25,328.64,301.13,0.66,,,,0.0,0.6,,,,,0.5,0.0,INDUSTRIAL_FLARE,0.66,['Very close to an industrial facility'],,PENDING,,,
N20_22.88851_79.32538_202401290728,22.88851,79.32538,2024-01-29 07:28:00,6.65,337.8,300.55,0.66,,,,0.0,0.6,,,,,0.5,0.0,INDUSTRIAL_FLARE,0.66,['Very close to an industrial facility'],,PENDING,,,
N21_22.98731_79.35675_202401240745,22.98731,79.35675,2024-01-24 07:45:00,3.69,332.03,298.69,0.66,,,,0.0,0.6,,,,,0.5,0.0,INDUSTRIAL_FLARE,0.66,['Very close to an industrial facility'],,PENDING,,,
N20_22.9785_79.31001_202401230741,22.9785,79.31001,2024-01-23 07:41:00,2.09,331.43,295.0,0.66,,,,0.0,0.6,,,,,0.5,0.0,INDUSTRIAL_FLARE,0.66,['Very close to an industrial facility'],,PENDING,,,
N21_23.12678_79.612_202401240745,23.12678,79.612,2024-01-24 07:45:00,6.2,346.26,304.18,0.66,,,,0.0,0.6,,,,,0.5,0.0,INDUSTRIAL_FLARE,0.66,['Very close to an industrial facility'],,PENDING,,,
N21_23.01086_79.26017_202401190739,23.01086,79.26017,2024-01-19 07:39:00,3.71,330.57,291.59,0.66,,,,0.0,0.6,,,,,0.5,0.0,INDUSTRIAL_FLARE,0.66,['Very close to an industrial facility'],,PENDING,,,
N20_23.0141_79.58283_202401260825,23.0141,79.58283,2024-01-26 08:25:00,4.73,339.19,296.87,0.66,,,,0.0,0.6,,,,,0.5,0.0,INDUSTRIAL_FLARE,0.66,['Very close to an industrial facility'],,PENDING,,,
N20_23.62707_79.74075_202401170754,23.62707,79.74075,2024-01-17 07:54:00,4.3,329.19,299.17,0.66,,,,0.0,0.6,,,,,0.5,0.0,INDUSTRIAL_FLARE,0.66,['Very close to an industrial facility'],,PENDING,,,
N20_22.88963_79.33915_202401220800,22.88963,79.33915,2024-01-22 08:00:00,3.84,344.44,300.27,0.66,,,,0.0,0.6,,,,,0.5,0.0,INDUSTRIAL_FLARE,0.66,['Very close to an industrial facility'],,PENDING,,,
N20_23.02332_79.25251_202401180735,23.02332,79.25251,2024-01-18 07:35:00,4.63,332.13,293.44,0.66,,,,0.0,0.6,,,,,0.5,0.0,INDUSTRIAL_FLARE,0.66,['Very close to an industrial facility'],,PENDING,,,
N20_22.89346_79.32857_202401290728,22.89346,79.32857,2024-01-29 07:28:00,7.97,339.71,299.8,0.66,,,,0.0,0.6,,,,,0.5,0.0,INDUSTRIAL_FLARE,0.66,['Very close to an industrial facility'],,PENDING,,,
N20_23.02711_79.25169_202401180735,23.02711,79.25169,2024-01-18 07:35:00,4.63,329.17,292.98,0.66,,,,0.0,0.6,,,,,0.5,0.0,INDUSTRIAL_FLARE,0.66,['Very close to an industrial facility'],,PENDING,,,
N21_23.16014_79.15967_202401240745,23.16014,79.15967,2024-01-24 07:45:00,5.25,336.04,299.66,0.66,,,,0.0,0.6,,,,,0.5,0.0,INDUSTRIAL_FLARE,0.66,['Very close to an industrial facility'],,PENDING,,,
N21_23.74903_79.0118_202401300735,23.74903,79.0118,2024-01-30 07:35:00,2.96,331.68,297.59,0.66,,,,0.0,0.6,,,,,0.5,0.0,INDUSTRIAL_FLARE,0.66,['Very close to an industrial facility'],,PENDING,,,
N21_23.67964_79.46847_202401310713,23.67964,79.46847,2024-01-31 07:13:00,62.04,367.0,318.25,1.0,,,,0.0,0.6,,,,,0.5,0.0,INDUSTRIAL_FLARE,0.66,['Very close to an industrial facility'],,PENDING,,,
N20_22.93232_78.98269_202401210819,22.93232,78.98269,2024-01-21 08:19:00,3.55,339.33,292.18,0.66,,,,0.0,0.6,,,,,0.5,0.0,INDUSTRIAL_FLARE,0.66,['Very close to an industrial facility'],,PENDING,,,
N21_23.21415_78.96736_202401230805,23.21415,78.96736,2024-01-23 08:05:00,3.42,328.13,300.4,0.66,,,,0.0,0.6,,,,,0.5,0.0,INDUSTRIAL_FLARE,0.66,['Very close to an industrial facility'],,PENDING,,,
N21_23.75208_79.00455_202401240745,23.75208,79.00455,2024-01-24 07:45:00,8.37,347.51,308.56,0.66,,,,0.0,0.6,,,,,0.5,0.0,INDUSTRIAL_FLARE,0.66,['Very close to an industrial facility'],,PENDING,,,
N21_23.24006_79.77689_202401230805,23.24006,79.77689,2024-01-23 08:05:00,3.73,328.31,298.21,0.66,,,,0.0,0.6,,,,,0.5,0.0,INDUSTRIAL_FLARE,0.66,['Very close to an industrial facility'],,PENDING,,,
N20_23.01165_79.58167_202401260825,23.01165,79.58167,2024-01-26 08:25:00,8.12,331.09,296.01,0.66,,,,0.0,0.6,,,,,0.5,0.0,INDUSTRIAL_FLARE,0.66,['Very close to an industrial facility'],,PENDING,,,
N20_23.7223_79.85856_202401230741,23.7223,79.85856,2024-01-23 07:41:00,6.99,332.55,298.25,0.66,,,,0.0,0.6,,,,,0.5,0.0,INDUSTRIAL_FLARE,0.66,['Very close to an industrial facility'],,PENDING,,,
N20_23.06359_79.15134_202401300710,23.06359,79.15134,2024-01-30 07:10:00,4.64,346.87,286.35,0.66,,,,0.0,0.6,,,,,0.5,0.0,INDUSTRIAL_FLARE,0.66,['Very close to an industrial facility'],,PENDING,,,
N21_23.74803_79.00885_202401300735,23.74803,79.00885,2024-01-30 07:35:00,1.17,325.9,297.46,0.33,,,,0.0,0.6,,,,,0.5,0.0,INDUSTRIAL_FLARE,0.66,['Very close to an industrial facility'],,PENDING,,,
N20_23.07714_79.258_202401190716,23.07714,79.258,2024-01-19 07:16:00,4.64,367.0,291.91,1.0,,,,0.0,0.6,,,,,0.5,0.0,INDUSTRIAL_FLARE,0.66,['Very close to an industrial facility'],,PENDING,,,
N21_23.72126_79.86224_202401230807,23.72126,79.86224,2024-01-23 08:07:00,6.17,328.33,299.87,0.33,,,,0.0,0.6,,,,,0.5,0.0,INDUSTRIAL_FLARE,0.66,['Very close to an industrial facility'],,PENDING,,,
N21_23.6781_79.46873_202401310713,23.6781,79.46873,2024-01-31 07:13:00,39.85,367.0,303.52,1.0,,,,0.0,0.6,,,,,0.5,0.0,INDUSTRIAL_FLARE,0.66,['Very close to an industrial facility'],,PENDING,,,
N21_23.67898_79.46545_202401310713,23.67898,79.46545,2024-01-31 07:13:00,33.57,342.85,295.13,0.66,,,,0.0,0.6,,,,,0.5,0.0,INDUSTRIAL_FLARE,0.66,['Very close to an industrial facility'],,PENDING,,,
N21_23.74874_79.00517_202401240745,23.74874,79.00517,2024-01-24 07:45:00,2.47,337.74,304.25,0.66,,,,0.0,0.6,,,,,0.5,0.0,INDUSTRIAL_FLARE,0.66,['Very close to an industrial facility'],,PENDING,,,
N21_23.03823_79.11018_202401230805,23.03823,79.11018,2024-01-23 08:05:00,12.11,333.02,299.08,0.66,,,,0.0,0.6,,,,,0.5,0.0,INDUSTRIAL_FLARE,0.66,['Very close to an industrial facility'],,PENDING,,,
N20_22.93673_79.30145_202401250703,22.93673,79.30145,2024-01-25 07:03:00,6.86,350.47,296.92,0.66,,,,0.0,0.6,,,,,0.5,0.0,INDUSTRIAL_FLARE,0.66,['Very close to an industrial facility'],,PENDING,,,
N21_23.68299_79.46751_202401310713,23.68299,79.46751,2024-01-31 07:13:00,31.3,367.0,305.86,1.0,,,,0.0,0.6,,,,,0.5,0.0,INDUSTRIAL_FLARE,0.66,['Very close to an industrial facility'],,PENDING,,,
N20_22.92262_79.20428_202401170753,22.92262,79.20428,2024-01-17 07:53:00,17.52,343.29,302.68,0.66,,,,0.0,0.6,,,,,0.5,0.0,INDUSTRIAL_FLARE,0.66,['Very close to an industrial facility'],,PENDING,,,
N21_23.04818_79.30566_202401260849,23.04818,79.30566,2024-01-26 08:49:00,25.84,342.88,285.33,0.66,,,,0.0,0.6,,,,,0.5,0.0,INDUSTRIAL_FLARE,0.66,['Very close to an industrial facility'],,PENDING,,,
N20_23.10366_79.08497_202401230741,23.10366,79.08497,2024-01-23 07:41:00,4.28,335.43,296.11,0.66,,,,0.0,0.6,,,,,0.5,0.0,INDUSTRIAL_FLARE,0.66,['Very close to an industrial facility'],,PENDING,,,
N20_23.06131_79.0004_202401170753,23.06131,79.0004,2024-01-17 07:53:00,4.27,339.08,298.57,0.66,,,,0.0,0.6,,,,,0.5,0.0,INDUSTRIAL_FLARE,0.66,['Very close to an industrial facility'],,PENDING,,,
N20_23.24061_79.77785_202401230741,23.24061,79.77785,2024-01-23 07:41:00,4.99,338.28,299.29,0.66,,,,0.0,0.6,,,,,0.5,0.0,INDUSTRIAL_FLARE,0.66,['Very close to an industrial facility'],,PENDING,,,
N20_22.98724_79.255_202401230741,22.98724,79.255,2024-01-23 07:41:00,2.61,330.73,295.8,0.66,,,,0.0,0.6,,,,,0.5,0.0,INDUSTRIAL_FLARE,0.66,['Very close to an industrial facility'],,PENDING,,,
N21_23.03562_79.41069_202401300735,23.03562,79.41069,2024-01-30 07:35:00,3.66,330.75,286.7,0.66,,,,0.0,0.6,,,,,0.5,0.0,INDUSTRIAL_FLARE,0.66,['Very close to an industrial facility'],,PENDING,,,
N21_23.16006_79.55563_202401190739,23.16006,79.55563,2024-01-19 07:39:00,7.71,327.85,295.61,0.66,,,,0.0,0.6,,,,,0.5,0.0,INDUSTRIAL_FLARE,0.66,['Very close to an industrial facility'],,PENDING,,,
N21_23.04772_79.29831_202401260849,23.04772,79.29831,2024-01-26 08:49:00,26.68,356.49,286.8,0.33,,,,0.0,0.6,,,,,0.5,0.0,INDUSTRIAL_FLARE,0.66,['Very close to an industrial facility'],,PENDING,,,
