source_id,latitude,longitude,first_seen,last_seen,observation_count,active_days,mean_frp,median_frp,max_frp,min_frp,frp_stddev,facility_id,facility_name,facility_type,criticality
THERMAL_SOURCE_643C2785FA15,22.90063,79.30754,2024-01-17 07:53:00+00:00,2024-01-17 07:53:00+00:00,1,1,5.23,5.23,5.23,5.23,0.0,,,,
THERMAL_SOURCE_E3F0A39F24D0,22.92262,79.20428,2024-01-17 07:53:00+00:00,2024-01-17 07:53:00+00:00,1,1,17.52,17.52,17.52,17.52,0.0,,,,
THERMAL_SOURCE_DA84231AFF4B,23.06131,79.0004,2024-01-17 07:53:00+00:00,2024-01-17 07:53:00+00:00,1,1,4.27,4.27,4.27,4.27,0.0,,,,
THERMAL_SOURCE_0A0954E7A1AF,23.627346666666668,79.73960666666666,2024-01-17 07:54:00+00:00,2024-01-17 08:17:00+00:00,3,1,6.44,7.51,7.51,4.3,1.5132085117392118,,,,
THERMAL_SOURCE_D4C7863F0906,23.024683333333332,79.24980666666666,2024-01-18 07:35:00+00:00,2024-01-19 07:16:00+00:00,3,2,3.65,4.63,4.63,1.69,1.3859292911256331,,,,
THERMAL_SOURCE_7FBF94C9EB6B,23.02703,79.27286,2024-01-18 07:35:00+00:00,2024-01-18 07:35:00+00:00,1,1,30.97,30.97,30.97,30.97,0.0,,,,
THERMAL_SOURCE_980913C3A47B,23.04714,79.14481,2024-01-19 07:16:00+00:00,2024-01-19 07:16:00+00:00,1,1,4.58,4.58,4.58,4.58,0.0,,,,
THERMAL_SOURCE_B79D63B0370B,23.07714,79.258,2024-01-19 07:16:00+00:00,2024-01-19 07:16:00+00:00,1,1,4.64,4.64,4.64,4.64,0.0,,,,
THERMAL_SOURCE_E76E020F4805,23.161785000000002,79.555285,2024-01-19 07:39:00+00:00,2024-01-19 07:39:00+00:00,2,1,7.71,7.71,7.71,7.71,0.0,,,,
THERMAL_SOURCE_7A2457782656,23.01086,79.26017,2024-01-19 07:39:00+00:00,2024-01-19 07:39:00+00:00,1,1,3.71,3.71,3.71,3.71,0.0,,,,
THERMAL_SOURCE_320A8F8AE14A,22.93232,78.98269,2024-01-21 08:19:00+00:00,2024-01-21 08:19:00+00:00,1,1,3.55,3.55,3.55,3.55,0.0,,,,
THERMAL_SOURCE_A397371D9DD9,22.97983,79.90854,2024-01-21 08:41:00+00:00,2024-01-21 08:41:00+00:00,1,1,7.83,7.83,7.83,7.83,0.0,,,,
THERMAL_SOURCE_F03ACB5DEFE8,22.888575,79.33499499999999,2024-01-22 08:00:00+00:00,2024-01-23 08:05:00+00:00,2,2,8.36,8.36,12.88,3.84,4.5200000000000005,,,,
THERMAL_SOURCE_F1DCEDEE23FB,22.89447,79.00732,2024-01-22 08:00:00+00:00,2024-01-22 08:00:00+00:00,1,1,1.91,1.91,1.91,1.91,0.0,,,,
THERMAL_SOURCE_BDA53D495818,23.73479,79.31315,2024-01-22 08:00:00+00:00,2024-01-22 08:00:00+00:00,1,1,2.25,2.25,2.25,2.25,0.0,,,,
THERMAL_SOURCE_080EF4C3C46A,22.98724,79.255,2024-01-23 07:41:00+00:00,2024-01-23 07:41:00+00:00,1,1,2.61,2.61,2.61,2.61,0.0,,,,
THERMAL_SOURCE_267DC5DE339E,23.10366,79.08497,2024-01-23 07:41:00+00:00,2024-01-23 07:41:00+00:00,1,1,4.28,4.28,4.28,4.28,0.0,,,,
THERMAL_SOURCE_7E3E4E7B3646,23.215115,78.96399,2024-01-23 07:41:00+00:00,2024-01-23 08:05:00+00:00,2,1,2.855,2.855,3.42,2.29,0.565,,,,
THERMAL_SOURCE_6609EF58CC1B,23.240335,79.77736999999999,2024-01-23 07:41:00+00:00,2024-01-23 08:05:00+00:00,2,1,4.36,4.36,4.99,3.73,0.6300000000000001,,,,
THERMAL_SOURCE_470CFC3EF693,23.721780000000003,79.8604,2024-01-23 07:41:00+00:00,2024-01-23 08:07:00+00:00,2,1,6.58,6.58,6.99,6.17,0.41000000000000014,,,,
THERMAL_SOURCE_C8A848012E5F,22.9785,79.31001,2024-01-23 07:41:00+00:00,2024-01-23 07:41:00+00:00,1,1,2.09,2.09,2.09,2.09,0.0,,,,
THERMAL_SOURCE_89A399326896,23.16656,79.04176,2024-01-23 08:05:00+00:00,2024-01-23 08:05:00+00:00,1,1,8.32,8.32,8.32,8.32,0.0,,,,
THERMAL_SOURCE_20A915531BAB,23.03823,79.11018,2024-01-23 08:05:00+00:00,2024-01-23 08:05:00+00:00,1,1,12.11,12.11,12.11,12.11,0.0,,,,
THERMAL_SOURCE_271C0CFB9338,22.91478,79.21809,2024-01-23 08:05:00+00:00,2024-01-23 08:05:00+00:00,1,1,3.34,3.34,3.34,3.34,0.0,,,,
THERMAL_SOURCE_CE0D39438FAC,22.93985,79.42216,2024-01-24 07:22:00+00:00,2024-01-24 07:22:00+00:00,1,1,6.12,6.12,6.12,6.12,0.0,,,,
THERMAL_SOURCE_1E4B63760991,23.126235,79.61346,2024-01-24 07:22:00+00:00,2024-01-24 07:45:00+00:00,2,1,4.075,4.075,6.2,1.95,2.125,,,,
THERMAL_SOURCE_C578C7D52813,23.158605,79.15969000000001,2024-01-24 07:22:00+00:00,2024-01-24 07:45:00+00:00,2,1,5.029999999999999,5.029999999999999,5.25,4.81,0.2200000000000002,,,,
THERMAL_SOURCE_BC1E8117B285,23.750410000000002,79.00486000000001,2024-01-24 07:45:00+00:00,2024-01-24 07:45:00+00:00,2,1,5.42,5.42,8.37,2.47,2.9499999999999993,,,,
THERMAL_SOURCE_84527EE180A6,22.98731,79.35675,2024-01-24 07:45:00+00:00,2024-01-24 07:45:00+00:00,1,1,3.69,3.69,3.69,3.69,0.0,,,,
THERMAL_SOURCE_F818FC251CBF,22.92955,79.0199,2024-01-24 07:45:00+00:00,2024-01-24 07:45:00+00:00,1,1,4.93,4.93,4.93,4.93,0.0,,,,
THERMAL_SOURCE_D1FD38E2D109,22.936210000000003,79.300265,2024-01-25 07:03:00+00:00,2024-01-25 07:03:00+00:00,2,1,5.73,5.73,6.86,4.6,1.1300000000000003,,,,
THERMAL_SOURCE_D9C52064474C,23.06964,79.5238,2024-01-26 07:07:00+00:00,2024-01-26 07:07:00+00:00,1,1,2.03,2.03,2.03,2.03,0.0,,,,
THERMAL_SOURCE_0F6A230641C0,23.01464,79.25401,2024-01-26 07:07:00+00:00,2024-01-26 07:07:00+00:00,1,1,2.57,2.57,2.57,2.57,0.0,,,,
THERMAL_SOURCE_2ACB3FFDDC4E,22.92948,79.13795,2024-01-26 07:07:00+00:00,2024-01-26 07:07:00+00:00,1,1,7.52,7.52,7.52,7.52,0.0,,,,
THERMAL_SOURCE_B5625346F906,22.9994,79.30867,2024-01-26 08:25:00+00:00,2024-01-26 08:25:00+00:00,1,1,3.08,3.08,3.08,3.08,0.0,,,,
THERMAL_SOURCE_C79C940D6BF8,23.012875,79.58225,2024-01-26 08:25:00+00:00,2024-01-26 08:25:00+00:00,2,1,6.425,6.425,8.12,4.73,1.6949999999999994,,,,
THERMAL_SOURCE_FF2D30DAEDCE,23.15199,79.62387,2024-01-26 08:25:00+00:00,2024-01-26 08:25:00+00:00,1,1,4.18,4.18,4.18,4.18,0.0,,,,
THERMAL_SOURCE_5D8371FEB513,23.04795,79.301985,2024-01-26 08:49:00+00:00,2024-01-26 08:49:00+00:00,2,1,26.259999999999998,26.259999999999998,26.68,25.84,0.41999999999999993,,,,
THERMAL_SOURCE_F6C8821E84D4,22.9959,79.2085,2024-01-28 07:47:00+00:00,2024-01-28 07:47:00+00:00,1,1,7.42,7.42,7.42,7.42,0.0,,,,
THERMAL_SOURCE_204F52969913,22.891540000000003,79.32613333333335,2024-01-29 07:28:00+00:00,2024-01-29 07:28:00+00:00,3,1,7.596666666666667,7.97,8.17,6.65,0.6743556595414286,,,,
THERMAL_SOURCE_BAB162296ED0,22.98207,79.38734,2024-01-29 07:52:00+00:00,2024-01-29 07:52:00+00:00,1,1,1.89,1.89,1.89,1.89,0.0,,,,
THERMAL_SOURCE_52E5BE83F743,23.06359,79.15134,2024-01-30 07:10:00+00:00,2024-01-30 07:10:00+00:00,1,1,4.64,4.64,4.64,4.64,0.0,,,,
THERMAL_SOURCE_DA6CDA59B1A1,22.98424,78.96552,2024-01-30 07:35:00+00:00,2024-01-30 07:35:00+00:00,1,1,5.62,5.62,5.62,5.62,0.0,,,,
THERMAL_SOURCE_DE8A4C51A8B8,23.03562,79.41069,2024-01-30 07:35:00+00:00,2024-01-30 07:35:00+00:00,1,1,3.66,3.66,3.66,3.66,0.0,,,,
THERMAL_SOURCE_16B021A47795,23.59208,78.98878,2024-01-30 07:35:00+00:00,2024-01-30 07:35:00+00:00,1,1,3.29,3.29,3.29,3.29,0.0,,,,
THERMAL_SOURCE_C9EFC5750DB7,23.748530000000002,79.010325,2024-01-30 07:35:00+00:00,2024-01-30 07:35:00+00:00,2,1,2.065,2.065,2.96,1.17,0.895,,,,
THERMAL_SOURCE_28F17EE37DD1,23.679927499999998,79.46754,2024-01-31 07:13:00+00:00,2024-01-31 07:13:00+00:00,4,1,41.69,36.71,62.04,31.3,12.159303022788764,,,,
THERMAL_SOURCE_EEBEE775A887,22.96148,78.95713,2024-01-31 19:42:00+00:00,2024-01-31 19:42:00+00:00,1,1,0.49,0.49,0.49,0.49,0.0,,,,
